"id","name","bbe","gb_rate","air_rate","fb_rate","ld_rate","pu_rate","pull_rate","straight_rate","oppo_rate","pull_gb_rate","straight_gb_rate","oppo_gb_rate","pull_air_rate","straight_air_rate","oppo_air_rate"
624424,"Conforto, Michael",1120,0.4348214285714286,0.5651785714285714,0.2883928571428571,0.21428571428571427,0.0625,0.38571428571428573,0.37589285714285714,0.23839285714285716,0.20089285714285715,0.18839285714285714,0.045535714285714284,0.18482142857142858,0.1875,0.19285714285714287
669394,"Burger, Jake",1074,0.42830540037243947,0.5716945996275605,0.2644320297951583,0.2271880819366853,0.08007448789571694,0.4227188081936685,0.3687150837988827,0.2085661080074488,0.22439478584729983,0.16759776536312848,0.036312849162011177,0.1983240223463687,0.2011173184357542,0.17225325884543763
680776,"Duran, Jarren",1266,0.4549763033175355,0.5450236966824644,0.23064770932069512,0.2519747235387046,0.06240126382306477,0.31200631911532384,0.3902053712480253,0.29778830963665087,0.20063191153238547,0.18799368088467613,0.06635071090047394,0.11137440758293837,0.20221169036334916,0.23143759873617692
646240,"Devers, Rafael",1989,0.42433383609854197,0.575666163901458,0.26646556058320764,0.23579688285570638,0.073403720462544,0.32176973353443944,0.4213172448466566,0.25691302161890395,0.16138763197586728,0.20915032679738563,0.05379587732528909,0.16038210155857216,0.21216691804927099,0.20311714429361485
641933,"O'Neill, Tyler",1053,0.38461538461538464,0.6153846153846154,0.31054131054131057,0.22032288698955366,0.08452041785375118,0.4188034188034188,0.35517568850902187,0.22602089268755934,0.2174738841405508,0.1396011396011396,0.027540360873694207,0.20132953466286801,0.21557454890788227,0.19848053181386513
621035,"Taylor, Chris",982,0.3533604887983707,0.6466395112016293,0.32790224032586557,0.2525458248472505,0.06619144602851323,0.4226069246435845,0.3289205702647658,0.2484725050916497,0.219959266802444,0.10183299389002037,0.031568228105906315,0.20264765784114053,0.22708757637474541,0.21690427698574338
669242,"Edman, Tommy",1751,0.4842946887492861,0.5157053112507138,0.22501427755568246,0.23015419760137065,0.06053683609366076,0.40205596801827526,0.36150770988006853,0.2364363221016562,0.23529411764705882,0.19131924614505996,0.05768132495716733,0.16676185037121644,0.17018846373500857,0.17875499714448886
571970,"Muncy, Max",1400,0.3342857142857143,0.6657142857142857,0.3807142857142857,0.20857142857142857,0.07642857142857143,0.4664285714285714,0.3385714285714286,0.195,0.20142857142857143,0.11071428571428571,0.02214285714285714,0.265,0.22785714285714287,0.17285714285714288
607043,"Nimmo, Brandon",1858,0.45748116254036597,0.542518837459634,0.23842841765339073,0.24165769644779334,0.062432723358449946,0.3261571582346609,0.37782561894510225,0.2960172228202368,0.19321851453175456,0.18729817007534985,0.07696447793326157,0.13293864370290634,0.1905274488697524,0.21905274488697524
502110,"Martinez, J.D.",1405,0.36725978647686836,0.6327402135231317,0.32526690391459073,0.2612099644128114,0.046263345195729534,0.3402135231316726,0.3758007117437722,0.28398576512455515,0.18362989323843418,0.1402135231316726,0.04341637010676157,0.1565836298932384,0.23558718861209962,0.24056939501779356
516782,"Marte, Starling",1380,0.5253623188405797,0.47463768115942023,0.19492753623188405,0.24710144927536232,0.03260869565217391,0.3673913043478261,0.377536231884058,0.25507246376811593,0.24855072463768116,0.20652173913043478,0.07028985507246377,0.11884057971014492,0.1710144927536232,0.18478260869565216
608385,"Winker, Jesse",1200,0.4175,0.5825,0.24833333333333332,0.24333333333333335,0.09083333333333334,0.37666666666666665,0.36,0.2633333333333333,0.205,0.16666666666666666,0.04583333333333333,0.17166666666666666,0.19333333333333333,0.21749999999999997
664056,"Bader, Harrison",1264,0.42800632911392406,0.571993670886076,0.26424050632911394,0.20727848101265822,0.10047468354430379,0.40427215189873417,0.3837025316455696,0.2120253164556962,0.19462025316455697,0.1787974683544304,0.05458860759493671,0.2096518987341772,0.20490506329113922,0.1574367088607595
669720,"Hays, Austin",1499,0.4296197464976651,0.5703802535023349,0.2621747831887925,0.22815210140093395,0.0800533689126084,0.400266844563042,0.3682454969979987,0.2314876584389593,0.20146764509673115,0.17745163442294865,0.050700466977985324,0.19879919946631086,0.19079386257505004,0.18078719146097397
664761,"Bohm, Alec",1994,0.46940822467402205,0.530591775325978,0.2156469408224674,0.27181544633901705,0.04312938816449348,0.29438314944834504,0.41424272818455365,0.2913741223671013,0.18706118355065196,0.2226680040120361,0.059679037111334,0.10732196589769308,0.19157472417251756,0.23169508525576732
681082,"Stott, Bryson",1509,0.44996686547382375,0.5500331345261762,0.25115970841616964,0.23392975480450628,0.06494367130550033,0.3121272365805169,0.3697813121272366,0.31809145129224653,0.18422796554009277,0.1941683233929755,0.07157057654075547,0.12789927104042412,0.1756129887342611,0.24652087475149106
467793,"Santana, Carlos",1931,0.4158467115484205,0.5836354220611082,0.26462972553081304,0.21491455204557225,0.10409114448472294,0.47643707923355777,0.34334541688244435,0.17969963749352666,0.24650440186431902,0.13619886069394097,0.033143448990160536,0.22993267736923875,0.2071465561885034,0.14655618850336613
680777,"Jeffers, Ryan",1034,0.39264990328820115,0.6073500967117988,0.2940038684719536,0.2263056092843327,0.08704061895551257,0.3849129593810445,0.35589941972920697,0.25918762088974856,0.18568665377176016,0.14893617021276595,0.058027079303675046,0.1992263056092843,0.20696324951644102,0.20116054158607352
543877,"Vázquez, Christian",1313,0.4226961157654227,0.5773038842345773,0.25894897182025894,0.24828636709824828,0.07006854531607007,0.31607006854531605,0.4051789794364052,0.27875095201827876,0.15993907083015993,0.1964965727341965,0.06626047220106626,0.15613099771515612,0.2086824067022087,0.2124904798172125
663898,"Rodgers, Brendan",1315,0.5254752851711026,0.47452471482889735,0.20228136882129277,0.2403041825095057,0.03193916349809886,0.30722433460076043,0.41216730038022814,0.28060836501901143,0.20988593155893537,0.2311787072243346,0.0844106463878327,0.09733840304182506,0.18098859315589355,0.19619771863117874
670032,"Lopez, Nicky",1369,0.5704894083272462,0.42951059167275385,0.16362308254200147,0.2293644996347699,0.036523009495982466,0.27465303140978814,0.42878013148283417,0.29656683710737763,0.20964207450693936,0.28049671292914535,0.08035062089116143,0.06501095690284878,0.14828341855368882,0.2162162162162162
657757,"Sheets, Gavin",1264,0.3876582278481013,0.6123417721518987,0.24287974683544303,0.2697784810126582,0.09968354430379747,0.4129746835443038,0.34414556962025317,0.24287974683544303,0.19699367088607594,0.127373417721519,0.06329113924050633,0.21598101265822783,0.21677215189873417,0.1795886075949367
514888,"Altuve, Jose",2053,0.4330248416950804,0.5669751583049196,0.24792985874330248,0.23039454456892353,0.08865075499269362,0.4919629810034096,0.3511933755479786,0.1568436434486118,0.24159766195811008,0.16463711641500245,0.02679006332196785,0.2503653190452996,0.18655625913297613,0.13005358012664395
643289,"Dubón, Mauricio",1293,0.4361948955916473,0.5638051044083526,0.2590873936581593,0.23356535189481825,0.0711523588553751,0.3271461716937355,0.37819025522041766,0.29466357308584684,0.17633410672853828,0.1925754060324826,0.06728538283062645,0.15081206496519722,0.18561484918793505,0.22737819025522038
670541,"Alvarez, Yordan",1633,0.3649724433557869,0.6350275566442132,0.3306797305572566,0.25229638701775875,0.0520514390691978,0.3772198407838334,0.3655848132271892,0.25719534598897736,0.19534598897734232,0.1334966319657073,0.036129822412737295,0.1818738518064911,0.23208818126148192,0.22106552357624007
679529,"Torkelson, Spencer",1177,0.3466440101954121,0.653355989804588,0.31520815632965166,0.23534409515717927,0.102803738317757,0.4494477485131691,0.3160577740016992,0.2344944774851317,0.20900594732370434,0.10620220900594732,0.03143585386576041,0.24044180118946476,0.2098555649957519,0.20305862361937127
672386,"Kirk, Alejandro",1446,0.4723374827109267,0.5276625172890733,0.2157676348547718,0.2524204702627939,0.059474412171507604,0.30774550484094054,0.4087136929460581,0.2835408022130014,0.17911479944674966,0.22614107883817428,0.06708160442600276,0.1286307053941909,0.1825726141078838,0.21645919778699863
672695,"Perdomo, Geraldo",1307,0.4391736801836266,0.5608263198163733,0.2486610558530987,0.22953328232593725,0.08263198163733741,0.3840856924254017,0.3603672532517215,0.25554705432287683,0.2111706197398623,0.1713848508033665,0.056618209640397855,0.1729150726855394,0.18898240244835499,0.19892884468247898
592626,"Pederson, Joc",1233,0.3982157339821573,0.6017842660178427,0.3008921330089213,0.22465531224655313,0.07623682076236821,0.40794809407948096,0.36171938361719386,0.2303325223033252,0.19708029197080293,0.14030819140308193,0.06082725060827251,0.21086780210867803,0.22141119221411193,0.1695052716950527
605137,"Bell, Josh",1923,0.5054602184087363,0.4945397815912637,0.22828913156526262,0.21944877795111806,0.046801872074883,0.40197607904316174,0.3421736869474779,0.25585023400936036,0.2584503380135205,0.18044721788871554,0.06656266250650027,0.14352574102964122,0.16172646905876237,0.18928757150286007
668804,"Reynolds, Bryan",2007,0.4389636273044345,0.5605381165919282,0.2765321375186846,0.25311410064773293,0.03089187842551071,0.38266068759342303,0.36472346786248133,0.2521175884404584,0.2142501245640259,0.1669157947184853,0.05779770802192327,0.16841056302939714,0.19780767314399603,0.19431988041853512
642133,"Tellez, Rowdy",1299,0.38953040800615857,0.6104695919938414,0.2802155504234026,0.2340261739799846,0.0962278675904542,0.3648960739030023,0.3964588144726713,0.23864511162432642,0.1878367975365666,0.1585835257890685,0.04311008468052348,0.17705927636643573,0.23787528868360278,0.19553502694380293
457705,"McCutchen, Andrew",1590,0.4220125786163522,0.5779874213836478,0.28050314465408804,0.22830188679245284,0.06918238993710692,0.45345911949685536,0.35157232704402513,0.1949685534591195,0.24842767295597484,0.1389937106918239,0.03459119496855346,0.2050314465408805,0.21257861635220124,0.16037735849056606
608369,"Seager, Corey",1745,0.4217765042979943,0.5782234957020057,0.2934097421203438,0.2504297994269341,0.034383954154727794,0.3833810888252149,0.3793696275071633,0.23724928366762177,0.22005730659025788,0.1667621776504298,0.03495702005730659,0.163323782234957,0.2126074498567335,0.2022922636103152
543760,"Semien, Marcus",2447,0.34572946465059257,0.6542705353494075,0.33673886391499797,0.22926031875766245,0.08827135267674703,0.4564773191663261,0.33837351859419695,0.2051491622394769,0.20596648957907643,0.11401716387413159,0.025745811197384554,0.2505108295872497,0.22435635472006538,0.17940335104209235
641680,"Heim, Jonah",1467,0.3933197000681663,0.6066802999318337,0.2849352419904567,0.23244717109747784,0.08929788684389911,0.4349011588275392,0.34901158827539197,0.21608725289706884,0.21267893660531698,0.1390593047034765,0.04158145875937287,0.22222222222222224,0.20995228357191548,0.17450579413769596
665750,"Taveras, Leody",1246,0.4406099518459069,0.5593900481540931,0.2375601926163724,0.24398073836276082,0.07784911717495988,0.3073836276083467,0.39646869983948635,0.29614767255216695,0.17495987158908508,0.19823434991974317,0.06741573033707865,0.13242375601926162,0.19823434991974317,0.2287319422150883
543257,"Grossman, Robbie",1111,0.32943294329432943,0.6705670567056705,0.33123312331233123,0.2619261926192619,0.0774077407740774,0.43744374437443745,0.33123312331233123,0.23132313231323132,0.19621962196219622,0.11071107110711072,0.022502250225022502,0.24122412241224123,0.22052205220522053,0.20882088208820881
668939,"Rutschman, Adley",1480,0.3939189189189189,0.606081081081081,0.2851351351351351,0.25472972972972974,0.06621621621621622,0.3952702702702703,0.3452702702702703,0.2594594594594595,0.20405405405405405,0.14527027027027026,0.0445945945945946,0.19121621621621623,0.20000000000000004,0.2148648648648649
656811,"O'Hearn, Ryan",1134,0.4347442680776014,0.5652557319223985,0.26631393298059963,0.2495590828924162,0.04938271604938271,0.3888888888888889,0.34656084656084657,0.26455026455026454,0.2310405643738977,0.15608465608465608,0.047619047619047616,0.1578483245149912,0.1904761904761905,0.21693121693121692
623993,"Santander, Anthony",1811,0.33296521258972944,0.6670347874102706,0.3036996134732192,0.22639425731639978,0.13694091662065158,0.4395361678630591,0.3406957482054114,0.21976808393152955,0.16786305908337934,0.12700165654334622,0.03810049696300387,0.27167310877967976,0.21369409166206516,0.1816675869685257
683002,"Henderson, Gunnar",1206,0.4759535655058043,0.5240464344941956,0.23134328358208955,0.24543946932006633,0.0472636815920398,0.3714759535655058,0.37728026533996684,0.2512437810945274,0.22056384742951907,0.1932006633499171,0.06218905472636816,0.1509121061359867,0.18407960199004975,0.18905472636815923
519317,"Stanton, Giancarlo",1186,0.4342327150084317,0.5657672849915683,0.2478920741989882,0.22934232715008432,0.08853288364249579,0.36593591905564926,0.3844856661045531,0.24957841483979765,0.1973018549747049,0.18296795952782463,0.05396290050590219,0.16863406408094436,0.20151770657672846,0.19561551433389546
683011,"Volpe, Anthony",1116,0.4596774193548387,0.5403225806451613,0.253584229390681,0.23118279569892472,0.05555555555555555,0.3557347670250896,0.3763440860215054,0.267921146953405,0.21953405017921146,0.17921146953405018,0.06093189964157706,0.13620071684587814,0.1971326164874552,0.20698924731182797
669004,"Melendez, MJ",1029,0.3858114674441205,0.6141885325558795,0.3216715257531584,0.22254616132167152,0.06997084548104957,0.4363459669582119,0.3469387755102041,0.21671525753158405,0.2108843537414966,0.13508260447035958,0.03984450923226433,0.22546161321671526,0.2118561710398445,0.1768707482993197
657557,"DeJong, Paul",979,0.3564862104187947,0.6435137895812053,0.32175689479060265,0.2247191011235955,0.09703779366700716,0.43003064351378956,0.31562819203268644,0.254341164453524,0.18896833503575078,0.11440245148110317,0.05311542390194075,0.24106230847803878,0.20122574055158327,0.20122574055158327
502054,"Pham, Tommy",1554,0.48133848133848134,0.5186615186615187,0.21685971685971686,0.2554697554697555,0.04633204633204633,0.34491634491634493,0.38674388674388677,0.26833976833976836,0.22651222651222652,0.1891891891891892,0.06563706563706563,0.11840411840411841,0.19755469755469757,0.20270270270270274
521692,"Perez, Salvador",1951,0.35520246027678115,0.6447975397232188,0.32547411583803176,0.24449000512557661,0.07483341875961046,0.4351614556637622,0.3418759610456176,0.2229625832906202,0.20348539210661198,0.12096360840594567,0.030753459764223477,0.2316760635571502,0.22091235263967196,0.1922091235263967
493329,"Gurriel, Yuli",1276,0.414576802507837,0.585423197492163,0.24373040752351097,0.24373040752351097,0.09796238244514106,0.33699059561128525,0.39184952978056425,0.2711598746081505,0.15595611285266459,0.20376175548589343,0.054858934169279,0.18103448275862066,0.18808777429467083,0.2163009404388715
624428,"Frazier, Adam",1740,0.4074712643678161,0.592528735632184,0.23563218390804597,0.2913793103448276,0.06551724137931035,0.35919540229885055,0.3545977011494253,0.28620689655172415,0.182183908045977,0.15402298850574714,0.07126436781609195,0.17701149425287355,0.20057471264367815,0.2149425287356322
602104,"Urías, Ramón",1159,0.4797238999137187,0.5202761000862813,0.23037100949094047,0.22260569456427956,0.06729939603106126,0.36755823986194996,0.3770491803278688,0.2553925798101812,0.21311475409836064,0.20189818809318377,0.06471095772217429,0.15444348576358932,0.17515099223468505,0.19068162208800693
621566,"Olson, Matt",2053,0.3886994641987336,0.6113005358012664,0.3054067218704335,0.22260107160253287,0.08329274232830004,0.3809059912323429,0.3653190452995616,0.25377496346809547,0.1792498782269849,0.16122747199220652,0.04822211397954213,0.20165611300535802,0.20409157330735508,0.20555284948855335
657656,"Laureano, Ramón",1076,0.4275092936802974,0.5724907063197027,0.2788104089219331,0.23513011152416358,0.05855018587360595,0.42657992565055763,0.33271375464684017,0.24070631970260223,0.22676579925650558,0.14684014869888476,0.05390334572490706,0.19981412639405205,0.1858736059479554,0.18680297397769516
665487,"Tatis Jr., Fernando",1353,0.4604582409460458,0.5395417590539542,0.2616407982261641,0.22025129342202512,0.057649667405764965,0.3946784922394678,0.3924611973392461,0.21286031042128603,0.23577235772357724,0.17960088691796008,0.0450849963045085,0.15890613451589058,0.21286031042128603,0.16777531411677754
553869,"Díaz, Elias",1311,0.4591914569031274,0.5408085430968727,0.21739130434782608,0.2349351639969489,0.08848207475209764,0.36536994660564454,0.3882532418001526,0.2463768115942029,0.20213577421815407,0.1945080091533181,0.06254767353165523,0.16323417238749047,0.1937452326468345,0.1838291380625477
444482,"Peralta, David",1238,0.47253634894991925,0.5274636510500809,0.210016155088853,0.2544426494345719,0.0630048465266559,0.3602584814216478,0.3877221324717286,0.2520193861066236,0.210016155088853,0.19547657512116318,0.06704361873990307,0.1502423263327948,0.19224555735056542,0.18497576736672056
621493,"Ward, Taylor",1507,0.35832780358327804,0.6416721964167219,0.3351028533510285,0.2514930325149303,0.055076310550763105,0.36164565361645656,0.35567352355673526,0.28268082282680823,0.1930988719309887,0.11811546118115461,0.047113470471134705,0.16854678168546786,0.23755806237558064,0.23556735235567353
641355,"Bellinger, Cody",1728,0.35185185185185186,0.6481481481481481,0.3292824074074074,0.2361111111111111,0.08275462962962964,0.4288194444444444,0.33796296296296297,0.2332175925925926,0.19907407407407407,0.11631944444444445,0.036458333333333336,0.22974537037037035,0.22164351851851852,0.19675925925925924
664034,"France, Ty",2039,0.4546346248160863,0.5453653751839137,0.23246689553702796,0.2520843550760177,0.06081412457086807,0.3575282000980873,0.37616478666012754,0.2663070132417852,0.19568415890142227,0.18293281020107896,0.0760176557135851,0.161844041196665,0.19323197645904858,0.1902893575282001
663697,"India, Jonathan",1735,0.4161383285302594,0.5838616714697406,0.2610951008645533,0.2478386167146974,0.07492795389048991,0.44610951008645533,0.3389048991354467,0.21498559077809798,0.24092219020172911,0.14005763688760806,0.03515850144092219,0.20518731988472622,0.19884726224783864,0.17982708933717578
668715,"Steer, Spencer",1191,0.3795130142737196,0.6204869857262805,0.27455919395465994,0.24685138539042822,0.09907640638119228,0.4256926952141058,0.32997481108312343,0.24433249370277077,0.20235096557514692,0.13350125944584382,0.0436607892527288,0.22334172963895887,0.19647355163727961,0.20067170445004195
669289,"Espinal, Santiago",1310,0.42900763358778626,0.5709923664122137,0.2198473282442748,0.2679389312977099,0.083206106870229,0.38091603053435114,0.3450381679389313,0.27404580152671754,0.21145038167938932,0.16030534351145037,0.05725190839694656,0.16946564885496182,0.1847328244274809,0.216793893129771
663624,"Mountcastle, Ryan",1620,0.404320987654321,0.595679012345679,0.2851851851851852,0.2611111111111111,0.04938271604938271,0.3333333333333333,0.3654320987654321,0.3012345679012346,0.18333333333333332,0.1654320987654321,0.05555555555555555,0.15,0.19999999999999998,0.24567901234567904
608070,"Ramírez, José",2389,0.339891167852658,0.6601088321473421,0.29300962745918796,0.24361657597321054,0.12348262871494349,0.4989535370447886,0.3156132272917539,0.1854332356634575,0.20719966513185434,0.11008790288823776,0.022603599832565928,0.2917538719129343,0.20552532440351612,0.16282963583089158
665926,"Giménez, Andrés",1645,0.4857142857142857,0.5142857142857143,0.20911854103343466,0.23161094224924011,0.07355623100303951,0.3829787234042553,0.3762917933130699,0.24072948328267477,0.217629179331307,0.19878419452887539,0.06930091185410335,0.16534954407294833,0.1775075987841945,0.17142857142857143
677594,"Rodríguez, Julio",1561,0.47021140294682895,0.529788597053171,0.2498398462524023,0.21973094170403587,0.06021780909673286,0.3741191543882127,0.3862908392056374,0.2395900064061499,0.21524663677130046,0.19923126201153107,0.05573350416399744,0.15887251761691223,0.18705957719410632,0.18385650224215247
668227,"Arozarena, Randy",1817,0.45954870665932857,0.5404512933406714,0.23940561364887178,0.2162905888827738,0.08475509080902587,0.36268574573472756,0.4171711612548156,0.2201430930104568,0.189873417721519,0.2190423775454045,0.05063291139240506,0.17281232801320856,0.19812878370941112,0.16951018161805173
649966,"Urías, Luis",1045,0.4076555023923445,0.5923444976076555,0.28708133971291866,0.2076555023923445,0.09760765550239234,0.42392344497607654,0.3645933014354067,0.21148325358851675,0.20669856459330144,0.15119617224880383,0.049760765550239235,0.2172248803827751,0.21339712918660286,0.16172248803827752
592669,"Renfroe, Hunter",1512,0.39814814814814814,0.6018518518518519,0.2724867724867725,0.21362433862433863,0.11574074074074074,0.4451058201058201,0.33994708994708994,0.21494708994708994,0.21296296296296297,0.13822751322751323,0.046957671957671955,0.23214285714285715,0.20171957671957672,0.167989417989418
650490,"Díaz, Yandy",2016,0.527281746031746,0.47271825396825395,0.1984126984126984,0.22470238095238096,0.0496031746031746,0.2837301587301587,0.4181547619047619,0.29811507936507936,0.19543650793650794,0.24702380952380953,0.08482142857142858,0.08829365079365079,0.17113095238095238,0.21329365079365079
545341,"Grichuk, Randal",1458,0.4176954732510288,0.5823045267489713,0.2722908093278464,0.2194787379972565,0.09053497942386832,0.39643347050754457,0.3662551440329218,0.23731138545953362,0.20644718792866942,0.15775034293552812,0.053497942386831275,0.18998628257887515,0.2085048010973937,0.18381344307270234
571448,"Arenado, Nolan",2238,0.35031277926720283,0.649687220732797,0.28328865058087577,0.25022341376228774,0.1161751563896336,0.45218945487042,0.3436103663985702,0.20420017873100982,0.1747095621090259,0.1362823949955317,0.03932082216264522,0.27747989276139406,0.20732797140303846,0.1648793565683646
642086,"Smith, Dominic",1141,0.4136722173531989,0.5863277826468011,0.28308501314636286,0.25503943908851884,0.04820333041191937,0.3663453111305872,0.3943908851884312,0.2392638036809816,0.20946538124452235,0.16476774758983348,0.03943908851884312,0.15687992988606486,0.2296231375985977,0.19982471516213848
600869,"Candelario, Jeimer",1497,0.4141616566466266,0.5858383433533734,0.27054108216432865,0.250501002004008,0.06479625918503674,0.42752171008684037,0.3353373413493654,0.23714094856379425,0.2124248496993988,0.14428857715430862,0.05744822979291917,0.21509686038744158,0.19104876419505676,0.1796927187708751
606466,"Marte, Ketel",1757,0.45304496300512237,0.5469550369948777,0.2458736482640865,0.23392145702902675,0.06715993170176437,0.43369379624359705,0.3619806488332385,0.20432555492316448,0.24928856004553215,0.16676152532726238,0.03699487763232783,0.1844052361980649,0.19521912350597612,0.16733067729083664
572233,"Walker, Christian",1816,0.3876651982378855,0.6123348017621145,0.30726872246696035,0.21971365638766518,0.08535242290748898,0.39922907488986786,0.3551762114537445,0.24559471365638766,0.20319383259911894,0.14041850220264318,0.04405286343612335,0.19603524229074892,0.21475770925110133,0.2015418502202643
663647,"Hayes, Ke'Bryan",1600,0.494375,0.505625,0.200625,0.24375,0.06125,0.254375,0.424375,0.32125,0.1725,0.2325,0.089375,0.08187500000000003,0.191875,0.231875
666182,"Bichette, Bo",2036,0.47789783889980353,0.5221021611001965,0.20677799607072692,0.27210216110019647,0.043222003929273084,0.27897838899803534,0.3708251473477407,0.35019646365422397,0.16159135559921414,0.1969548133595285,0.1193516699410609,0.1173870333988212,0.1738703339882122,0.23084479371316308
660670,"Acuña Jr., Ronald",1369,0.4572680788897005,0.5427319211102996,0.24908692476260044,0.2468955441928415,0.04674945215485756,0.40029218407596784,0.38714390065741416,0.21256391526661797,0.2410518626734843,0.18115412710007306,0.03506208911614317,0.15924032140248354,0.2059897735573411,0.1775018261504748
596115,"Story, Trevor",1048,0.3845419847328244,0.6154580152671756,0.2872137404580153,0.23377862595419846,0.09446564885496184,0.35400763358778625,0.37690839694656486,0.26908396946564883,0.1803435114503817,0.15935114503816794,0.04484732824427481,0.17366412213740456,0.21755725190839692,0.22423664122137402
664702,"Straw, Myles",1431,0.453529000698812,0.5464709993011879,0.23060796645702306,0.27393431167016075,0.041928721174004195,0.24947589098532494,0.39063591893780575,0.35988819007686934,0.1740041928721174,0.20894479385045422,0.07058001397624039,0.07547169811320753,0.18169112508735152,0.289308176100629
641313,"Anderson, Tim",1280,0.584375,0.41562499999999997,0.15546875,0.25,0.01015625,0.31328125,0.40703125,0.2796875,0.2453125,0.25859375,0.08046875,0.06796875000000002,0.1484375,0.19921874999999997
457759,"Turner, Justin",1748,0.34496567505720827,0.6550343249427918,0.32379862700228834,0.2654462242562929,0.06578947368421052,0.35297482837528604,0.3695652173913043,0.27745995423340963,0.17620137299771166,0.13272311212814644,0.036041189931350116,0.17677345537757438,0.23684210526315788,0.24141876430205952
665742,"Soto, Juan",2014,0.48758689175769615,0.5124131082423039,0.253227408142999,0.21201588877855015,0.04716981132075472,0.35650446871896724,0.41112214498510424,0.2323733862959285,0.2199602780536246,0.22045680238331677,0.04716981132075472,0.13654419066534262,0.19066534260178747,0.18520357497517376
608336,"Gallo, Joey",736,0.3138586956521739,0.686141304347826,0.38315217391304346,0.16983695652173914,0.1331521739130435,0.4904891304347826,0.30570652173913043,0.20380434782608695,0.18614130434782608,0.09646739130434782,0.03125,0.30434782608695654,0.2092391304347826,0.17255434782608695
571771,"Hernández, Enrique",1485,0.36498316498316496,0.635016835016835,0.28754208754208754,0.24444444444444444,0.10303030303030303,0.3952861952861953,0.35555555555555557,0.24915824915824916,0.19124579124579125,0.1292929292929293,0.044444444444444446,0.20404040404040405,0.22626262626262628,0.2047138047138047
571745,"Haniger, Mitch",1022,0.40998043052837574,0.5900195694716243,0.29354207436399216,0.2181996086105675,0.07827788649706457,0.4295499021526419,0.3532289628180039,0.2172211350293542,0.23874755381604695,0.14383561643835616,0.0273972602739726,0.19080234833659493,0.20939334637964777,0.1898238747553816
571657,"Farmer, Kyle",1404,0.42094017094017094,0.579059829059829,0.25854700854700857,0.2514245014245014,0.06908831908831908,0.37393162393162394,0.3839031339031339,0.24216524216524216,0.1915954415954416,0.1801994301994302,0.049145299145299144,0.18233618233618235,0.20370370370370372,0.19301994301994302
575929,"Contreras, Willson",1361,0.47685525349008084,0.5231447465099192,0.2387950036737693,0.22409992652461425,0.060249816311535635,0.3776634827332844,0.3725202057310801,0.24981631153563555,0.22777369581190302,0.1866274797942689,0.06245407788390889,0.14988978692138136,0.18589272593681117,0.18736223365172666
666971,"Gurriel Jr., Lourdes",1947,0.4196199280945044,0.5803800719054956,0.25218284540318436,0.26245505906522854,0.0657421674370827,0.37699024139702103,0.35130970724191063,0.2717000513610683,0.192090395480226,0.15151515151515152,0.07601438109912687,0.18489984591679504,0.1997945557267591,0.19568567026194142
669221,"Murphy, Sean",1267,0.42857142857142855,0.5714285714285714,0.265982636148382,0.23914759273875297,0.06629834254143646,0.43962115232833465,0.35201262825572216,0.20836621941594316,0.23283346487766376,0.1483820047355959,0.0473559589581689,0.2067876874506709,0.20363062352012626,0.16101026045777425
650333,"Arraez, Luis",2406,0.43017456359102246,0.5698254364089775,0.2460515378221114,0.29052369077306733,0.03325020781379884,0.2880299251870324,0.3911055694098088,0.32086450540315875,0.15918536990856194,0.19243557772236075,0.07855361596009976,0.12884455527847047,0.19866999168744803,0.242310889443059
570482,"Urshela, Gio",1366,0.4568081991215227,0.5431918008784773,0.2247437774524158,0.28257686676427524,0.03587115666178624,0.31112737920937045,0.40922401171303074,0.2796486090775988,0.19399707174231332,0.19546120058565153,0.06734992679355783,0.11713030746705713,0.21376281112737922,0.21229868228404097
593428,"Bogaerts, Xander",1989,0.45751633986928103,0.5424836601307189,0.22473604826546004,0.25289089994972347,0.06485671191553545,0.39215686274509803,0.3695324283559578,0.2383107088989442,0.22724987430869784,0.17295123177476118,0.05731523378582202,0.1649069884364002,0.1965811965811966,0.1809954751131222
643396,"Kiner-Falefa, Isiah",1849,0.5327203893996755,0.4672796106003246,0.167658193618172,0.25040562466197946,0.04921579232017307,0.32828555976203355,0.3931855056787453,0.2785289345592212,0.21525148729042726,0.23039480800432666,0.08707409410492158,0.1130340724716063,0.16279069767441862,0.1914548404542996
656305,"Chapman, Matt",1661,0.35942203491872365,0.6405779650812763,0.3118603251053582,0.21372667068031306,0.11499096929560505,0.3931366646598435,0.374473208910295,0.23239012642986154,0.18181818181818182,0.1288380493678507,0.04876580373269115,0.21131848284166166,0.2456351595424443,0.18362432269717038
621043,"Correa, Carlos",1735,0.4438040345821326,0.5561959654178674,0.23054755043227665,0.2564841498559078,0.069164265129683,0.35331412103746396,0.38328530259365995,0.2634005763688761,0.18847262247838617,0.18962536023054755,0.06570605187319885,0.1648414985590778,0.1936599423631124,0.19769452449567726
624585,"Soler, Jorge",1461,0.39698836413415467,0.6023271731690623,0.29021218343600275,0.22245037645448323,0.08966461327857632,0.4681724845995893,0.3408624229979466,0.19028062970568105,0.2511978097193703,0.11704312114989733,0.028747433264887063,0.21697467488021904,0.22381930184804927,0.16153319644079397
606115,"Arcia, Orlando",1135,0.5092511013215859,0.4907488986784141,0.2211453744493392,0.19559471365638767,0.07400881057268723,0.42026431718061674,0.35770925110132157,0.22202643171806166,0.24405286343612334,0.19559471365638767,0.06960352422907488,0.1762114537444934,0.1621145374449339,0.1524229074889868
592192,"Canha, Mark",1517,0.44627554383651946,0.5537244561634805,0.24258404746209625,0.23335530652603823,0.07778510217534608,0.4060646011865524,0.35398813447593935,0.23994726433750824,0.22808174027686223,0.18127883981542517,0.03691496374423204,0.17798286090969018,0.17270929466051418,0.2030323005932762
673490,"Kim, Ha-Seong",1395,0.4129032258064516,0.5870967741935484,0.23655913978494625,0.24731182795698925,0.1032258064516129,0.43584229390681006,0.3627240143369176,0.2014336917562724,0.21577060931899641,0.15125448028673835,0.045878136200716846,0.22007168458781365,0.21146953405017924,0.15555555555555556
683734,"Vaughn, Andrew",1777,0.43275182892515474,0.5672481710748453,0.2639279684862127,0.23916713562183456,0.06415306696679797,0.3376477208778841,0.3826674169949353,0.27968486212718063,0.19077096229600451,0.17895329206527855,0.06302757456387169,0.14687675858187957,0.20371412492965674,0.21665728756330893
595879,"Báez, Javier",1530,0.4849673202614379,0.515032679738562,0.2457516339869281,0.20784313725490197,0.06143790849673202,0.396078431372549,0.36666666666666664,0.2372549019607843,0.2235294117647059,0.19019607843137254,0.07124183006535947,0.1725490196078431,0.1764705882352941,0.16601307189542483
657041,"Thomas, Lane",1417,0.4255469301340861,0.5744530698659139,0.2399435426958363,0.23218066337332394,0.10232886379675371,0.42201834862385323,0.35920959774170785,0.21877205363443897,0.2272406492589979,0.15455187014820043,0.043754410726887794,0.19477769936485534,0.20465772759350742,0.17501764290755117
642715,"Adames, Willy",1826,0.34501642935377874,0.6549835706462213,0.34556407447973714,0.21905805038335158,0.09036144578313253,0.42004381161007665,0.3515881708652793,0.22836801752464403,0.20372398685651696,0.1144578313253012,0.02683461117196057,0.21631982475355968,0.23713033953997814,0.20153340635268346
656582,"Joe, Connor",1073,0.40726933830382106,0.5927306616961789,0.23671947809878843,0.255358807082945,0.10065237651444547,0.3811742777260019,0.3597390493942218,0.2590866728797763,0.2031686859273066,0.14631873252562907,0.05778191985088537,0.17800559179869527,0.21342031686859272,0.20130475302889095
660688,"Ruiz, Keibert",1533,0.39921722113502933,0.6007827788649707,0.25440313111545987,0.2530984996738421,0.09328114807566862,0.4703196347031963,0.3633398564905414,0.16634050880626222,0.24135681669928244,0.13763861709067188,0.020221787345075015,0.22896281800391388,0.22570123939986952,0.1461187214611872
664774,"Wade Jr., LaMonte",1149,0.36901653611836377,0.6309834638816362,0.3072236727589208,0.2463011314186249,0.07745865970409051,0.4142732811140122,0.3437771975630983,0.24194952132288947,0.19930374238468232,0.1174934725848564,0.05221932114882506,0.21496953872932986,0.22628372497824192,0.1897302001740644
573262,"Yastrzemski, Mike",1446,0.3506224066390041,0.6493775933609959,0.326417704011065,0.23236514522821577,0.09059474412171507,0.4405255878284924,0.34163208852005533,0.21784232365145229,0.19363762102351315,0.1272475795297372,0.029737206085753802,0.24688796680497924,0.21438450899031813,0.18810511756569848
660821,"Sánchez, Jesús",1181,0.48687552921253174,0.5122777307366638,0.2260795935647756,0.23454699407281965,0.05165114309906858,0.35647756138865366,0.35817104149026247,0.28450465707027944,0.21507197290431837,0.20491109229466553,0.06689246401354784,0.1414055884843353,0.15325994919559693,0.2176121930567316
518692,"Freeman, Freddie",2220,0.39414414414414417,0.6058558558558559,0.2927927927927928,0.28243243243243243,0.03063063063063063,0.359009009009009,0.35585585585585583,0.2851351351351351,0.1945945945945946,0.15045045045045044,0.0490990990990991,0.1644144144144144,0.2054054054054054,0.236036036036036
605141,"Betts, Mookie",2044,0.3111545988258317,0.6888454011741683,0.3478473581213307,0.26125244618395305,0.07974559686888454,0.42221135029354206,0.35909980430528377,0.21868884540117417,0.18101761252446183,0.10176125244618395,0.02837573385518591,0.24119373776908024,0.2573385518590998,0.19031311154598826
660271,"Ohtani, Shohei",1874,0.4066168623265742,0.5933831376734258,0.32017075773745995,0.2310565635005336,0.04215581643543223,0.41782283884738525,0.34204909284951973,0.240128068303095,0.22518676627534684,0.14674493062966915,0.03468516542155817,0.1926360725720384,0.19530416221985059,0.20544290288153683
596019,"Lindor, Francisco",2143,0.38730751283247783,0.6126924871675221,0.2967802146523565,0.2328511432571162,0.08306112925804947,0.4167055529631358,0.36444237050863276,0.21885207652823147,0.20298646756882874,0.14325711619225384,0.04106392907139524,0.21371908539430703,0.22118525431637892,0.17778814745683622
547180,"Harper, Bryce",1599,0.41275797373358347,0.5872420262664164,0.2701688555347092,0.2795497185741088,0.0375234521575985,0.3608505315822389,0.35522201375859913,0.28392745465916197,0.19949968730456535,0.158223889931207,0.05503439649781113,0.16135084427767354,0.19699812382739212,0.22889305816135083
592206,"Castellanos, Nick",2012,0.3991053677932406,0.6008946322067595,0.2947316103379722,0.26093439363817095,0.045228628230616304,0.3966202783300199,0.34542743538767395,0.25795228628230615,0.220675944333996,0.14065606361829025,0.03777335984095427,0.17594433399602388,0.2047713717693837,0.2201789264413519
596146,"Kepler, Max",1497,0.39011356045424184,0.6098864395457582,0.2959251837007348,0.24181696726786908,0.07214428857715431,0.4228456913827655,0.3486973947895792,0.22845691382765532,0.22311289245156982,0.12424849699398798,0.04275217100868404,0.1997327989311957,0.22444889779559118,0.18570474281897129
453568,"Blackmon, Charlie",1526,0.41874180865006555,0.5812581913499344,0.24508519003931847,0.25884665792922673,0.07732634338138926,0.42070773263433814,0.36500655307994756,0.21428571428571427,0.23001310615989515,0.14809960681520315,0.04062909567496723,0.190694626474443,0.2169069462647444,0.17365661861074705
641857,"McMahon, Ryan",1713,0.43841214244016347,0.5615878575598365,0.276707530647986,0.2574430823117338,0.027437244600116754,0.336835960303561,0.38353765323992994,0.27962638645650906,0.1978984238178634,0.18272037361354349,0.05779334500875657,0.1389375364856976,0.20081727962638646,0.22183304144775248
671277,"García Jr., Luis",1541,0.5113562621674238,0.48864373783257625,0.20960415314730693,0.24853990914990265,0.030499675535366644,0.32900713822193384,0.41920830629461386,0.2517845554834523,0.21739130434782608,0.22972096041531473,0.06424399740428294,0.11161583387410776,0.18948734587929913,0.18754055807916936
643217,"Benintendi, Andrew",1854,0.3926645091693635,0.6073354908306364,0.30312837108953616,0.2464940668824164,0.05771305285868392,0.3597626752966559,0.3813376483279396,0.2588996763754045,0.1930960086299892,0.15857605177993528,0.040992448759439054,0.16666666666666669,0.22276159654800431,0.21790722761596545
608324,"Bregman, Alex",1975,0.36253164556962025,0.6374683544303797,0.3032911392405063,0.24,0.09417721518987342,0.44050632911392407,0.34430379746835443,0.21518987341772153,0.20556962025316455,0.1250632911392405,0.03189873417721519,0.2349367088607595,0.21924050632911393,0.18329113924050633
665161,"Peña, Jeremy",1607,0.507778469197262,0.492221530802738,0.21468574984443062,0.23273179838207841,0.044803982576229,0.4169259489732421,0.35532047293092717,0.22775357809583074,0.25326695706285,0.19477286869943994,0.059738643434972,0.16365899191039207,0.16054760423148723,0.16801493466085876
663837,"Vierling, Matt",1114,0.4452423698384201,0.55475763016158,0.22980251346499103,0.2540394973070018,0.07091561938958707,0.3267504488330341,0.374326750448833,0.2989228007181329,0.19120287253141832,0.18761220825852784,0.06642728904847396,0.1355475763016158,0.18671454219030517,0.23249551166965893
662139,"Varsho, Daulton",1395,0.3727598566308244,0.6272401433691757,0.2989247311827957,0.2064516129032258,0.12186379928315412,0.4659498207885305,0.3154121863799283,0.21863799283154123,0.21003584229390682,0.12401433691756272,0.03870967741935484,0.25591397849462366,0.19139784946236557,0.1799283154121864
665489,"Guerrero Jr., Vladimir",2342,0.47694278394534584,0.5230572160546542,0.21135781383432964,0.25704526046114434,0.05465414175918019,0.3667805294619983,0.3919726729291204,0.2412467976088813,0.2241673783091375,0.19555935098206662,0.05721605465414176,0.1426131511528608,0.1964133219470538,0.18403074295473953
682998,"Carroll, Corbin",1221,0.4348894348894349,0.565110565110565,0.24733824733824733,0.22358722358722358,0.09418509418509419,0.3857493857493858,0.36936936936936937,0.24488124488124488,0.21457821457821458,0.18181818181818182,0.03849303849303849,0.1711711711711712,0.18755118755118755,0.20638820638820637
663993,"Lowe, Nathaniel",1924,0.49064449064449067,0.5093555093555093,0.2208939708939709,0.2505197505197505,0.037941787941787944,0.2869022869022869,0.4017671517671518,0.3113305613305613,0.18191268191268192,0.2312889812889813,0.07744282744282745,0.104989604989605,0.1704781704781705,0.23388773388773387
666969,"García, Adolis",1868,0.39079229122055675,0.6092077087794433,0.3147751605995717,0.21948608137044967,0.07494646680942184,0.3811563169164882,0.3618843683083512,0.2569593147751606,0.19325481798715202,0.15685224839400427,0.04068522483940043,0.1879014989293362,0.20503211991434692,0.21627408993576017
656555,"Hoskins, Rhys",1203,0.32917705735660846,0.6708229426433915,0.34995843724023273,0.228595178719867,0.09226932668329177,0.47547797173732337,0.31587697423108896,0.2086450540315877,0.19783873649210307,0.10806317539484622,0.023275145469659187,0.2776392352452203,0.20781379883624274,0.1853699085619285
661388,"Contreras, William",1478,0.5365358592692828,0.4634641407307172,0.21109607577807848,0.2090663058186739,0.04330175913396482,0.35385656292286877,0.40121786197564274,0.2449255751014885,0.2462787550744249,0.21718538565629228,0.07307171853856563,0.10757780784844387,0.18403247631935046,0.17185385656292285
650402,"Torres, Gleyber",1981,0.381120646138314,0.618374558303887,0.303886925795053,0.25391216557294294,0.06057546693589096,0.33871781928319034,0.37152953054013127,0.28924785461887936,0.19232710752145382,0.1463907117617365,0.04240282685512368,0.14639071176173651,0.22513881877839478,0.2468450277637557
657077,"Verdugo, Alex",2068,0.47437137330754353,0.5256286266924565,0.22340425531914893,0.2548355899419729,0.047388781431334626,0.33123791102514505,0.3960348162475822,0.2727272727272727,0.20841392649903287,0.1997098646034816,0.06624758220502901,0.12282398452611218,0.19632495164410058,0.2064796905222437
663757,"Grisham, Trent",1300,0.40923076923076923,0.5907692307692307,0.2907692307692308,0.21,0.09,0.4246153846153846,0.34307692307692306,0.2323076923076923,0.23692307692307693,0.12538461538461537,0.04692307692307692,0.18769230769230769,0.21769230769230768,0.18538461538461537
665862,"Chisholm Jr., Jazz",1284,0.471183800623053,0.528816199376947,0.2811526479750779,0.19003115264797507,0.05763239875389408,0.411214953271028,0.37461059190031154,0.21417445482866043,0.22897196261682243,0.18847352024922118,0.053738317757009345,0.1822429906542056,0.18613707165109036,0.16043613707165108
671739,"Harris II, Michael",1341,0.5137956748695004,0.4862043251304996,0.18568232662192394,0.24384787472035793,0.05667412378821775,0.35719612229679343,0.39299030574198357,0.24981357196122297,0.23788217747949292,0.203579418344519,0.07233407904548844,0.11931394481730051,0.18941088739746456,0.17747949291573453
593160,"Merrifield, Whit",1697,0.41838538597525043,0.5816146140247496,0.26340601060695346,0.2498526812021214,0.06835592221567471,0.33883323512080143,0.3582793164407778,0.30288744843842075,0.18267530936947554,0.17324690630524456,0.06246317030053035,0.1561579257513259,0.18503241013553326,0.2404242781378904
595777,"Profar, Jurickson",1661,0.428055388320289,0.571944611679711,0.23780854906682722,0.24623720650210718,0.08789885611077664,0.40337146297411197,0.34677904876580373,0.2498494882600843,0.20108368452739314,0.15653220951234195,0.07043949428055388,0.20228777844671883,0.19024683925346178,0.17940999397953042
664023,"Happ, Ian",1833,0.4260774686306601,0.5739225313693399,0.27495908346972175,0.23404255319148937,0.06492089470812876,0.3878887070376432,0.342607746863066,0.2695035460992908,0.22967812329514456,0.14457174031642117,0.05182760501909438,0.15821058374249866,0.19803600654664483,0.2176759410801964
670623,"Paredes, Isaac",1439,0.33564975677553854,0.6643502432244615,0.2946490618485059,0.23766504517025713,0.1320361362056984,0.5211952744961779,0.29117442668519805,0.18763029881862406,0.19179986101459348,0.103544127866574,0.04030576789437109,0.3293954134815844,0.18763029881862403,0.14732453092425296
673548,"Suzuki, Seiya",1299,0.37259430331023863,0.6274056966897614,0.2909930715935335,0.2802155504234026,0.056197074672825253,0.35026943802925325,0.403387220939184,0.24634334103156275,0.1901462663587375,0.14087759815242495,0.04157043879907621,0.16012317167051576,0.26250962278675904,0.20477290223248654
670770,"Friedl, TJ",1171,0.40649017933390263,0.5935098206660974,0.26131511528608026,0.2314261315115286,0.10076857386848848,0.4543125533731853,0.34329632792485054,0.20239111870196413,0.2143467122117848,0.1443210930828352,0.04782237403928266,0.23996584116140052,0.19897523484201535,0.15456874466268147
647304,"Naylor, Josh",1695,0.4672566371681416,0.5327433628318584,0.240117994100295,0.22359882005899706,0.06902654867256637,0.3929203539823009,0.3817109144542773,0.22536873156342183,0.21651917404129795,0.19823008849557522,0.052507374631268436,0.17640117994100296,0.18348082595870208,0.17286135693215338
668942,"Rojas, Josh",1379,0.43872371283538797,0.5612762871646121,0.2639593908629442,0.26033357505438726,0.03698332124728064,0.36548223350253806,0.36765772298767224,0.2668600435097897,0.21174764321972445,0.16171138506163887,0.06526468455402465,0.1537345902828136,0.20594633792603337,0.20159535895576505
666185,"Carlson, Dylan",1158,0.41364421416234887,0.5854922279792746,0.29360967184801384,0.24179620034542315,0.05008635578583765,0.37392055267702934,0.35578583765112265,0.270293609671848,0.20725388601036268,0.153713298791019,0.05267702936096719,0.16666666666666666,0.20207253886010365,0.21761658031088082
680977,"Donovan, Brendan",1403,0.4640057020669993,0.5359942979330007,0.21168923734853884,0.2672843905915894,0.05702066999287242,0.353528153955809,0.3585174625801853,0.2879543834640057,0.2059871703492516,0.18389166072701355,0.07412687099073414,0.1475409836065574,0.17462580185317175,0.21382751247327156
663457,"Nootbaar, Lars",1161,0.46511627906976744,0.5348837209302325,0.23772609819121446,0.23341946597760552,0.06373815676141258,0.367786391042205,0.39362618432385876,0.23858742463393626,0.21963824289405684,0.1843238587424634,0.0611541774332472,0.14814814814814817,0.20930232558139536,0.17743324720068906
519203,"Rizzo, Anthony",1331,0.38016528925619836,0.6198347107438017,0.28850488354620585,0.24042073628850488,0.09090909090909091,0.43275732531930877,0.33433508640120213,0.2329075882794891,0.21712997746055598,0.12246431254695718,0.0405709992486852,0.2156273478587528,0.21187077385424496,0.1923365890308039
660162,"Moncada, Yoán",991,0.4177598385469223,0.5822401614530778,0.25832492431886983,0.2704339051463169,0.05348133198789102,0.3884964682139253,0.3703329969727548,0.24117053481331988,0.218970736629667,0.15539858728557013,0.04339051463168517,0.1695257315842583,0.21493440968718466,0.1977800201816347
502671,"Goldschmidt, Paul",2030,0.40492610837438425,0.5950738916256157,0.28374384236453204,0.24630541871921183,0.06502463054187192,0.3640394088669951,0.3625615763546798,0.2733990147783251,0.18719211822660098,0.15566502463054188,0.06206896551724138,0.17684729064039412,0.2068965517241379,0.21133004926108373
592885,"Yelich, Christian",1570,0.5732484076433121,0.4267515923566879,0.17579617834394903,0.21910828025477708,0.03184713375796178,0.3522292993630573,0.35987261146496813,0.2878980891719745,0.26369426751592356,0.2140127388535032,0.09554140127388536,0.08853503184713374,0.14585987261146494,0.19235668789808916
663656,"Tucker, Kyle",1888,0.3384533898305085,0.6615466101694916,0.3538135593220339,0.24947033898305085,0.05826271186440678,0.4115466101694915,0.3442796610169492,0.2441737288135593,0.18273305084745764,0.12023305084745763,0.03548728813559322,0.22881355932203387,0.22404661016949157,0.2086864406779661
547989,"Abreu, José",1430,0.4706293706293706,0.5293706293706294,0.23986013986013985,0.23916083916083916,0.05034965034965035,0.33636363636363636,0.4020979020979021,0.26153846153846155,0.213986013986014,0.19090909090909092,0.06573426573426573,0.12237762237762237,0.21118881118881117,0.19580419580419584
572191,"Taylor, Michael A.",1164,0.4381443298969072,0.5618556701030928,0.281786941580756,0.21993127147766323,0.06013745704467354,0.36082474226804123,0.39862542955326463,0.24054982817869416,0.21993127147766323,0.17010309278350516,0.048109965635738834,0.140893470790378,0.22852233676975947,0.19243986254295534
607208,"Turner, Trea",2233,0.4406627854903717,0.5593372145096283,0.26556202418271385,0.23734885803851322,0.05642633228840126,0.3891625615763547,0.3734885803851321,0.2369010300044783,0.21854008060904612,0.16659202866099418,0.05508284818629646,0.1706224809673086,0.20689655172413793,0.18181818181818182
642708,"Rosario, Amed",1758,0.5056882821387941,0.4943117178612059,0.1820250284414107,0.2582480091012514,0.0540386803185438,0.30716723549488056,0.4044368600682594,0.2883959044368601,0.20136518771331058,0.2235494880546075,0.080773606370876,0.10580204778156999,0.1808873720136519,0.2076222980659841
669257,"Smith, Will",1702,0.33137485311398357,0.6686251468860164,0.37661574618096355,0.23678025851938894,0.055229142185663924,0.33783783783783783,0.391304347826087,0.2708578143360752,0.16862514688601646,0.1263219741480611,0.036427732079905996,0.16921269095182137,0.2649823736780259,0.2344300822561692
666158,"Lux, Gavin",1111,0.47884788478847884,0.5211521152115212,0.21872187218721872,0.25472547254725475,0.04770477047704771,0.3708370837083708,0.41044104410441046,0.21872187218721872,0.2232223222322232,0.20342034203420342,0.052205220522052204,0.1476147614761476,0.20702070207020704,0.16651665166516652
624413,"Alonso, Pete",2045,0.3819070904645477,0.6180929095354523,0.3095354523227384,0.22249388753056235,0.08606356968215159,0.41124694376528115,0.3330073349633252,0.25574572127139367,0.20048899755501223,0.141320293398533,0.040097799511002445,0.21075794621026891,0.1916870415647922,0.21564792176039121
643446,"McNeil, Jeff",1866,0.4180064308681672,0.5819935691318328,0.2390139335476956,0.2604501607717042,0.08252947481243302,0.37727759914255093,0.36066452304394425,0.2620578778135048,0.1977491961414791,0.16237942122186494,0.05787781350482315,0.17952840300107184,0.1982851018220793,0.20418006430868166
656941,"Schwarber, Kyle",1648,0.3683252427184466,0.6316747572815534,0.3276699029126214,0.21298543689320387,0.09101941747572816,0.47754854368932037,0.3446601941747573,0.17779126213592233,0.220873786407767,0.12257281553398058,0.02487864077669903,0.25667475728155337,0.2220873786407767,0.15291262135922332
650489,"Castro, Willi",1454,0.422283356258597,0.5777166437414031,0.2558459422283356,0.25034387895460797,0.07152682255845942,0.36176066024759285,0.3576341127922971,0.28060522696011003,0.1829436038514443,0.16506189821182943,0.07427785419532325,0.17881705639614856,0.1925722145804677,0.2063273727647868
650559,"De La Cruz, Bryan",1280,0.42109375,0.5789062500000001,0.2609375,0.2734375,0.04453125,0.36796875,0.3640625,0.26796875,0.2171875,0.159375,0.04453125,0.15078125,0.20468750000000002,0.22343749999999998
592450,"Judge, Aaron",1673,0.35564853556485354,0.6443514644351465,0.36401673640167365,0.24327555289898387,0.03705917513448894,0.4136282127913927,0.3448894202032277,0.24148236700537956,0.2217573221757322,0.10460251046025104,0.029288702928870293,0.1918708906156605,0.24028690974297667,0.21219366407650928
518934,"LeMahieu, DJ",1547,0.5468648998060762,0.4531351001939237,0.17582417582417584,0.24499030381383322,0.03232062055591468,0.259857789269554,0.40271493212669685,0.3374272786037492,0.1874595992243051,0.24499030381383322,0.11441499676793794,0.07239819004524889,0.15772462831286363,0.2230122818358113
542303,"Ozuna, Marcell",1567,0.3899170389278877,0.6100829610721122,0.3126994256541161,0.23675813656668793,0.06062539885130823,0.4282067645181876,0.3388640714741544,0.23292916400765795,0.21952776005105296,0.1263560944479898,0.04403318442884493,0.20867900446713467,0.21250797702616464,0.18889597957881302
630105,"Cronenworth, Jake",1950,0.40307692307692305,0.5969230769230769,0.28307692307692306,0.23794871794871794,0.0758974358974359,0.3415384615384615,0.37435897435897436,0.2841025641025641,0.17846153846153845,0.1671794871794872,0.057435897435897436,0.16307692307692306,0.20717948717948717,0.22666666666666668
663538,"Hoerner, Nico",1934,0.4596690796277146,0.5403309203722855,0.21613236814891418,0.25853154084798347,0.0656670113753878,0.33040330920372285,0.37590486039296794,0.2936918304033092,0.19131334022750776,0.18407445708376421,0.08428128231644261,0.1390899689762151,0.19183040330920373,0.2094105480868666
621020,"Swanson, Dansby",1961,0.4288628250892402,0.5711371749107598,0.26874043855175933,0.24171341152473227,0.06068332483426823,0.41152473227944925,0.3671596124426313,0.22131565527791944,0.24528301886792453,0.15043345232024477,0.03314635390107088,0.16624171341152472,0.21672616012238652,0.18816930137684856
663886,"Stephenson, Tyler",1186,0.4688026981450253,0.5311973018549747,0.24198988195615515,0.25295109612141653,0.03625632377740304,0.37436762225969644,0.3490725126475548,0.2765598650927487,0.2436762225969646,0.16779089376053963,0.05733558178752108,0.13069139966273186,0.18128161888701516,0.21922428330522764
680757,"Kwan, Steven",1841,0.4247691472026073,0.5752308527973927,0.242802824551874,0.28191200434546443,0.050516023900054316,0.29114611624117326,0.3862031504617056,0.32265073329712113,0.16023900054318305,0.17762085822922324,0.08690928843020097,0.1309071156979902,0.20858229223248237,0.23574144486692017
663728,"Raleigh, Cal",1316,0.30319148936170215,0.696808510638298,0.3738601823708207,0.2127659574468085,0.11018237082066869,0.48936170212765956,0.3047112462006079,0.20592705167173253,0.1778115501519757,0.09878419452887538,0.026595744680851064,0.31155015197568386,0.20592705167173253,0.17933130699088146
593871,"Polanco, Jorge",1487,0.33759246805648957,0.6617350369872226,0.3261600537995965,0.2568930733019502,0.07868190988567586,0.4801613987895091,0.32279757901815737,0.19636852723604573,0.19838601210490922,0.11432414256893074,0.02488231338264963,0.2817753866845999,0.2084734364492266,0.1714862138533961
650859,"Rengifo, Luis",1361,0.5018368846436444,0.4981631153563556,0.221895664952241,0.21822189566495223,0.05804555473916238,0.3651726671565026,0.41587068332108745,0.21895664952240998,0.21160911094783247,0.23365172667156503,0.05657604702424688,0.15356355620867013,0.18221895664952242,0.1623806024981631
663586,"Riley, Austin",1932,0.38457556935817805,0.6154244306418218,0.286231884057971,0.2639751552795031,0.06521739130434782,0.39078674948240166,0.37111801242236025,0.23809523809523808,0.18840579710144928,0.14751552795031056,0.048654244306418216,0.20238095238095238,0.2236024844720497,0.18944099378881987
666624,"Morel, Christopher",994,0.45271629778672035,0.5472837022132797,0.27364185110663986,0.18108651911468812,0.0925553319919517,0.46981891348088534,0.3641851106639839,0.1659959758551308,0.25653923541247486,0.1659959758551308,0.030181086519114688,0.21327967806841047,0.1981891348088531,0.1358148893360161
682928,"Abrams, CJ",1378,0.44194484760522496,0.5580551523947751,0.25181422351233673,0.21843251088534107,0.08780841799709724,0.39477503628447025,0.37010159651669083,0.2351233671988389,0.20827285921625543,0.17198838896952104,0.061683599419448475,0.18650217706821481,0.1981132075471698,0.1734397677793904
667670,"Rooker, Brent",1094,0.35740402193784276,0.6425959780621573,0.3336380255941499,0.24680073126142596,0.062157221206581355,0.40585009140767825,0.35740402193784276,0.236745886654479,0.19652650822669104,0.11974405850091407,0.04113345521023766,0.2093235831809872,0.2376599634369287,0.19561243144424134
606192,"Hernández, Teoscar",1792,0.43359375,0.56640625,0.26674107142857145,0.24944196428571427,0.05022321428571429,0.37332589285714285,0.36104910714285715,0.265625,0.20926339285714285,0.16573660714285715,0.05859375,0.1640625,0.1953125,0.20703125
673357,"Robert Jr., Luis",1324,0.3919939577039275,0.6080060422960725,0.2673716012084592,0.2620845921450151,0.07854984894259819,0.4003021148036254,0.3459214501510574,0.25302114803625375,0.20468277945619334,0.14350453172205438,0.04305135951661632,0.19561933534743203,0.20241691842900303,0.20996978851963743
682985,"Greene, Riley",1123,0.4701691896705254,0.5298308103294747,0.24844167408726625,0.25378450578806766,0.027604630454140695,0.3748886910062333,0.3757791629563669,0.2493321460373998,0.2315227070347284,0.182546749777382,0.05609973285841496,0.14336598397150488,0.19323241317898487,0.19323241317898485
543807,"Springer, George",1796,0.43596881959910916,0.5640311804008908,0.2577951002227171,0.227728285077951,0.07850779510022271,0.4042316258351893,0.3669265033407572,0.22884187082405344,0.22828507795100222,0.16369710467706014,0.04398663697104677,0.17594654788418707,0.20322939866369708,0.18485523385300667
553993,"Suárez, Eugenio",1737,0.3362118595279217,0.6637881404720782,0.3609671848013817,0.229706390328152,0.07311456534254462,0.46689694876223375,0.3200921128382268,0.21301093839953944,0.21934369602763384,0.09614277489925158,0.02072538860103627,0.2475532527345999,0.22394933793897523,0.19228554979850318
642731,"Estrada, Thairo",1273,0.48860958366064416,0.5113904163393559,0.2128829536527887,0.22388059701492538,0.07462686567164178,0.4257659073055774,0.35506677140612725,0.21916732128829536,0.22859387274155538,0.19088766692851533,0.06912804399057344,0.19717203456402202,0.16417910447761191,0.15003927729772193
656775,"Mullins, Cedric",1833,0.3802509547190398,0.6197490452809602,0.28532460447354063,0.2214948172394981,0.11292962356792144,0.4260774686306601,0.33878887070376434,0.23513366066557556,0.19312602291325695,0.1347517730496454,0.05237315875613748,0.23295144571740314,0.20403709765411895,0.18276050190943807
664913,"Brown, Seth",1097,0.365542388331814,0.634457611668186,0.31449407474931634,0.22971741112123975,0.0902461257976299,0.41203281677301734,0.35460346399270737,0.2333637192342753,0.19781221513217867,0.12853236098450319,0.03919781221513218,0.21422060164083867,0.22607110300820418,0.1941659070191431
592518,"Machado, Manny",2132,0.399624765478424,0.600375234521576,0.25140712945590993,0.2607879924953096,0.08818011257035648,0.3691369606003752,0.3897748592870544,0.24108818011257035,0.1852720450281426,0.16885553470919323,0.04549718574108818,0.1838649155722326,0.22091932457786118,0.19559099437148217
664040,"Lowe, Brandon",1315,0.3741444866920152,0.6258555133079847,0.3057034220532319,0.24562737642585553,0.07452471482889733,0.42889733840304184,0.3650190114068441,0.20608365019011407,0.20228136882129277,0.13840304182509505,0.033460076045627375,0.22661596958174907,0.22661596958174907,0.1726235741444867
527038,"Flores, Wilmer",1543,0.3480233311730395,0.6519766688269605,0.2929358392741413,0.24303305249513935,0.11600777705767984,0.42968243681140633,0.3421905379131562,0.22812702527543746,0.18664938431626701,0.12054439403758911,0.04082955281918341,0.24303305249513932,0.22164614387556708,0.18729747245625405
669016,"Marsh, Brandon",1097,0.43208751139471285,0.5679124886052871,0.2670920692798541,0.2725615314494075,0.028258887876025523,0.3454876937101185,0.3600729261622607,0.2944393801276208,0.2014585232452142,0.17046490428441202,0.0601640838650866,0.1440291704649043,0.1896080218778487,0.23427529626253418
500743,"Rojas, Miguel",1569,0.46717654557042704,0.5328234544295729,0.207138304652645,0.2568514977692798,0.06883365200764818,0.34735500318674317,0.3652007648183556,0.2874442319949012,0.19694072657743786,0.18738049713193117,0.082855321861058,0.15041427660930531,0.17782026768642445,0.20458891013384323
592663,"Realmuto, J.T.",1593,0.44005021971123665,0.5599497802887634,0.24733207784055242,0.24858757062146894,0.064030131826742,0.3785310734463277,0.3465160075329567,0.2749529190207156,0.22473320778405526,0.1556811048336472,0.05963590709353421,0.15379786566227244,0.1908349026993095,0.2153170119271814
677951,"Witt Jr., Bobby",1832,0.36790393013100436,0.6320960698689957,0.29967248908296945,0.2554585152838428,0.0769650655021834,0.3307860262008734,0.375,0.2942139737991266,0.16593886462882096,0.15502183406113537,0.04694323144104803,0.16484716157205243,0.21997816593886463,0.24727074235807858
641487,"Crawford, J.P.",1940,0.4438144329896907,0.5561855670103092,0.21185567010309278,0.2706185567010309,0.07371134020618557,0.33969072164948455,0.3871134020618557,0.27319587628865977,0.18505154639175259,0.1788659793814433,0.07989690721649484,0.15463917525773196,0.20824742268041238,0.19329896907216493
645277,"Albies, Ozzie",1848,0.3560606060606061,0.643939393939394,0.33225108225108224,0.2305194805194805,0.08116883116883117,0.46915584415584416,0.33225108225108224,0.1985930735930736,0.22348484848484848,0.10714285714285714,0.025432900432900432,0.24567099567099568,0.2251082251082251,0.17316017316017318
621439,"Buxton, Byron",1066,0.3348968105065666,0.6651031894934334,0.325515947467167,0.2373358348968105,0.1022514071294559,0.49624765478424016,0.3273921200750469,0.17636022514071295,0.2073170731707317,0.10318949343339587,0.024390243902439025,0.2889305816135085,0.22420262664165105,0.15196998123827393